Model,Accuracy,Precision,Recall,F1-Score
TF-IDF + SVM,0.9,0.8181818181818182,0.8181818181818182,0.8181818181818182
BERT Embedding,1.0,1.0,1.0,1.0
